{
    "imgs/0.jpg": [
        {
            "bbox": [
                [
                    199.0880584716797,
                    31.001977920532227
                ],
                [
                    579.6975708007812,
                    310.4883728027344
                ]
            ],
            "category": "teddy bear",
            "score": 0.7052420377731323
        },
        {
            "bbox": [
                [
                    33.978519439697266,
                    221.84622192382812
                ],
                [
                    116.80139923095703,
                    300.68035888671875
                ]
            ],
            "category": "suitcase",
            "score": 0.6407318115234375
        },
        {
            "bbox": [
                [
                    192.57958984375,
                    27.798166275024414
                ],
                [
                    598.128662109375,
                    308.3166198730469
                ]
            ],
            "category": "dog",
            "score": 0.4877811074256897
        },
        {
            "bbox": [
                [
                    176.26937866210938,
                    150.49952697753906
                ],
                [
                    353.4220886230469,
                    298.4096374511719
                ]
            ],
            "category": "remote",
            "score": 0.4645006060600281
        },
        {
            "bbox": [
                [
                    161.6083526611328,
                    156.5034637451172
                ],
                [
                    339.4254150390625,
                    296.8700256347656
                ]
            ],
            "category": "scissors",
            "score": 0.3733541667461395
        }
    ],
    "imgs/1.jpg": [
        {
            "bbox": [
                [
                    9.030012130737305,
                    13.084837913513184
                ],
                [
                    528.0941162109375,
                    622.87158203125
                ]
            ],
            "category": "motorcycle",
            "score": 0.9242085218429565
        },
        {
            "bbox": [
                [
                    4.568295955657959,
                    16.902000427246094
                ],
                [
                    240.13894653320312,
                    335.0127258300781
                ]
            ],
            "category": "motorcycle",
            "score": 0.9160143136978149
        },
        {
            "bbox": [
                [
                    0.24066662788391113,
                    0.0
                ],
                [
                    77.55021667480469,
                    201.59776306152344
                ]
            ],
            "category": "motorcycle",
            "score": 0.8017866611480713
        },
        {
            "bbox": [
                [
                    0.0,
                    96.11392974853516
                ],
                [
                    468.06365966796875,
                    622.7348022460938
                ]
            ],
            "category": "bicycle",
            "score": 0.6528244614601135
        },
        {
            "bbox": [
                [
                    91.99226379394531,
                    0.7669801712036133
                ],
                [
                    190.0298309326172,
                    30.695159912109375
                ]
            ],
            "category": "person",
            "score": 0.5592929124832153
        }
    ],
    "imgs/2.jpg": [
        {
            "bbox": [
                [
                    52.94232177734375,
                    275.088134765625
                ],
                [
                    362.88470458984375,
                    380.62786865234375
                ]
            ],
            "category": "dog",
            "score": 0.9974455833435059
        },
        {
            "bbox": [
                [
                    2.394927978515625,
                    12.22765827178955
                ],
                [
                    164.40542602539062,
                    322.6614685058594
                ]
            ],
            "category": "bicycle",
            "score": 0.9961537718772888
        },
        {
            "bbox": [
                [
                    461.2843933105469,
                    104.95726776123047
                ],
                [
                    491.651611328125,
                    148.9379119873047
                ]
            ],
            "category": "person",
            "score": 0.9958025813102722
        },
        {
            "bbox": [
                [
                    291.5672607421875,
                    94.48927307128906
                ],
                [
                    315.37945556640625,
                    153.4650421142578
                ]
            ],
            "category": "person",
            "score": 0.9684913158416748
        },
        {
            "bbox": [
                [
                    324.3742370605469,
                    97.02796936035156
                ],
                [
                    341.5682373046875,
                    146.56988525390625
                ]
            ],
            "category": "person",
            "score": 0.9442248940467834
        }
    ],
    "imgs/3.jpg": [
        {
            "bbox": [
                [
                    10.285933494567871,
                    4.624786376953125
                ],
                [
                    623.8770751953125,
                    389.6111755371094
                ]
            ],
            "category": "bed",
            "score": 0.9699796438217163
        },
        {
            "bbox": [
                [
                    530.6354370117188,
                    20.598047256469727
                ],
                [
                    573.5258178710938,
                    48.508697509765625
                ]
            ],
            "category": "teddy bear",
            "score": 0.9059544205665588
        },
        {
            "bbox": [
                [
                    62.251312255859375,
                    232.37669372558594
                ],
                [
                    97.62493133544922,
                    271.4666442871094
                ]
            ],
            "category": "cup",
            "score": 0.6134175062179565
        },
        {
            "bbox": [
                [
                    41.83515930175781,
                    267.4915466308594
                ],
                [
                    254.85726928710938,
                    473.6096496582031
                ]
            ],
            "category": "chair",
            "score": 0.5800257921218872
        },
        {
            "bbox": [
                [
                    2.0958259105682373,
                    445.0915832519531
                ],
                [
                    191.79331970214844,
                    475.0457458496094
                ]
            ],
            "category": "dining table",
            "score": 0.4861685037612915
        }
    ],
    "imgs/4.jpg": [
        {
            "bbox": [
                [
                    319.4202880859375,
                    126.60987854003906
                ],
                [
                    445.73876953125,
                    299.4406433105469
                ]
            ],
            "category": "giraffe",
            "score": 0.9993071556091309
        },
        {
            "bbox": [
                [
                    77.62007141113281,
                    107.93054962158203
                ],
                [
                    277.0693359375,
                    367.1270446777344
                ]
            ],
            "category": "giraffe",
            "score": 0.9985185265541077
        },
        {
            "bbox": [
                [
                    1.0414302349090576,
                    55.72517776489258
                ],
                [
                    69.77994537353516,
                    363.3985290527344
                ]
            ],
            "category": "person",
            "score": 0.9976311922073364
        },
        {
            "bbox": [
                [
                    1.0784834623336792,
                    209.83619689941406
                ],
                [
                    56.01926040649414,
                    370.65087890625
                ]
            ],
            "category": "person",
            "score": 0.9287720918655396
        },
        {
            "bbox": [
                [
                    1.955680012702942,
                    60.584163665771484
                ],
                [
                    58.19740676879883,
                    233.94374084472656
                ]
            ],
            "category": "person",
            "score": 0.19606219232082367
        }
    ],
    "imgs/5.jpg": [
        {
            "bbox": [
                [
                    291.41455078125,
                    216.71517944335938
                ],
                [
                    352.8481140136719,
                    317.572509765625
                ]
            ],
            "category": "chair",
            "score": 0.9965627789497375
        },
        {
            "bbox": [
                [
                    371.1813049316406,
                    216.4699249267578
                ],
                [
                    425.6610412597656,
                    316.7247619628906
                ]
            ],
            "category": "chair",
            "score": 0.9920250177383423
        },
        {
            "bbox": [
                [
                    6.433692932128906,
                    168.40826416015625
                ],
                [
                    154.72434997558594,
                    264.7949523925781
                ]
            ],
            "category": "tv",
            "score": 0.9919740557670593
        },
        {
            "bbox": [
                [
                    230.8975830078125,
                    174.7800750732422
                ],
                [
                    266.76617431640625,
                    213.83570861816406
                ]
            ],
            "category": "potted plant",
            "score": 0.9845154285430908
        },
        {
            "bbox": [
                [
                    425.2516174316406,
                    159.845458984375
                ],
                [
                    464.84588623046875,
                    299.48992919921875
                ]
            ],
            "category": "person",
            "score": 0.9838003516197205
        }
    ],
    "imgs/6.jpg": [
        {
            "bbox": [
                [
                    130.3585205078125,
                    105.4764404296875
                ],
                [
                    222.95274353027344,
                    279.7059326171875
                ]
            ],
            "category": "bird",
            "score": 0.9985645413398743
        },
        {
            "bbox": [
                [
                    270.2464294433594,
                    128.62359619140625
                ],
                [
                    366.72393798828125,
                    301.6015319824219
                ]
            ],
            "category": "bird",
            "score": 0.996938943862915
        },
        {
            "bbox": [
                [
                    240.1905059814453,
                    272.0627136230469
                ],
                [
                    347.697509765625,
                    421.5270690917969
                ]
            ],
            "category": "bird",
            "score": 0.9921141862869263
        },
        {
            "bbox": [
                [
                    28.98381233215332,
                    18.629966735839844
                ],
                [
                    131.1249237060547,
                    161.79840087890625
                ]
            ],
            "category": "bird",
            "score": 0.9917248487472534
        },
        {
            "bbox": [
                [
                    113.22328186035156,
                    324.3748779296875
                ],
                [
                    212.41510009765625,
                    485.9345703125
                ]
            ],
            "category": "bird",
            "score": 0.9884850978851318
        }
    ],
    "imgs/7.jpg": [
        {
            "bbox": [
                [
                    162.87713623046875,
                    408.2605895996094
                ],
                [
                    307.80938720703125,
                    478.1736755371094
                ]
            ],
            "category": "chair",
            "score": 0.9928634762763977
        },
        {
            "bbox": [
                [
                    463.87225341796875,
                    282.2431640625
                ],
                [
                    473.79095458984375,
                    318.3008117675781
                ]
            ],
            "category": "bottle",
            "score": 0.9825150966644287
        },
        {
            "bbox": [
                [
                    430.02960205078125,
                    175.3583526611328
                ],
                [
                    518.2941284179688,
                    303.174560546875
                ]
            ],
            "category": "refrigerator",
            "score": 0.9715761542320251
        },
        {
            "bbox": [
                [
                    61.89439392089844,
                    190.31866455078125
                ],
                [
                    81.85523223876953,
                    234.1905059814453
                ]
            ],
            "category": "wine glass",
            "score": 0.9615265727043152
        },
        {
            "bbox": [
                [
                    375.8288269042969,
                    224.73268127441406
                ],
                [
                    429.6220397949219,
                    257.4859313964844
                ]
            ],
            "category": "microwave",
            "score": 0.9482345581054688
        }
    ],
    "imgs/8.jpg": [
        {
            "bbox": [
                [
                    270.5998840332031,
                    181.2247314453125
                ],
                [
                    380.7159118652344,
                    414.6494140625
                ]
            ],
            "category": "person",
            "score": 0.9996125102043152
        },
        {
            "bbox": [
                [
                    349.8362121582031,
                    251.7436981201172
                ],
                [
                    482.0876159667969,
                    476.6893005371094
                ]
            ],
            "category": "person",
            "score": 0.9992141723632812
        },
        {
            "bbox": [
                [
                    439.72650146484375,
                    221.8065948486328
                ],
                [
                    512.8924560546875,
                    462.2644348144531
                ]
            ],
            "category": "person",
            "score": 0.9982205033302307
        },
        {
            "bbox": [
                [
                    0.0,
                    275.73565673828125
                ],
                [
                    44.55922317504883,
                    476.8387145996094
                ]
            ],
            "category": "person",
            "score": 0.9928614497184753
        },
        {
            "bbox": [
                [
                    13.764654159545898,
                    388.32940673828125
                ],
                [
                    48.8029899597168,
                    471.846435546875
                ]
            ],
            "category": "baseball bat",
            "score": 0.9396315813064575
        }
    ],
    "imgs/9.jpg": [
        {
            "bbox": [
                [
                    519.0543823242188,
                    305.4264831542969
                ],
                [
                    640.0,
                    446.697265625
                ]
            ],
            "category": "bowl",
            "score": 0.9899495840072632
        },
        {
            "bbox": [
                [
                    231.20362854003906,
                    42.822547912597656
                ],
                [
                    307.1817626953125,
                    90.83738708496094
                ]
            ],
            "category": "spoon",
            "score": 0.9888558983802795
        },
        {
            "bbox": [
                [
                    274.7910461425781,
                    56.244693756103516
                ],
                [
                    403.2926025390625,
                    121.62122344970703
                ]
            ],
            "category": "bowl",
            "score": 0.9878393411636353
        },
        {
            "bbox": [
                [
                    359.23724365234375,
                    46.876338958740234
                ],
                [
                    455.75994873046875,
                    110.2490005493164
                ]
            ],
            "category": "bowl",
            "score": 0.9823319315910339
        },
        {
            "bbox": [
                [
                    171.76609802246094,
                    358.5477600097656
                ],
                [
                    210.11341857910156,
                    399.0279235839844
                ]
            ],
            "category": "carrot",
            "score": 0.9762933254241943
        }
    ]
}